year,idnum,ygrain,yfatoil,ymeat,yegg,yvege,ysugar,ytoba,ydrink,yfruit,ymilk,yfish,grain,bean,fatoil,meat,egg,fish,vege,sugar,toba,drink,fruit,milk,income,famsize,hous,edu1,yea,landsize,yea1,dum,labor,edexp,eer,cpi,cpir,dumreg
2003,1,213.1,6.6,8.69,6.36,56,0.7,18.1,7.3,15.9,0.67,2.25,1.109094,2.605495,8.294372,9.477612,4.460967,4.999576,0.6886293,4.450094,0.6059807,2.991911,1.282909,9.763746,2853.4,4,25.55,73.7,9,1.75,10,1,2.8,186.5,0.0653606,1.249665,1.228139,0
2003,2,210.2,5.7,6.05,6.15,80.9,1.2,27.8,2.6,17.6,1.79,0.47,0.7836628,1.795974,4.540096,9.017351,3.825198,5.560724,0.7652524,5.052133,0.823521,2.889958,1.256984,8.220345,2299.2,4.1,22.94,72.6,9,2.24,10,1,2.7,213.1,0.0926844,1.326538,1.32276,0
2003,3,197.8,2.8,24.08,3.82,70.8,1.3,24.1,10.8,14.9,4.99,1.45,0.7607495,2.081012,5.740156,7.980067,3.283791,5.042177,0.5430755,4.282954,0.954069,2.921082,0.6957349,3.670363,2267.6,3.9,18.33,63.6,9,7.5,10,1,2.7,256.2,0.1129829,1.366382,1.397747,1
2003,4,187,5.9,20.49,9.59,178.6,0.7,15.6,10.8,23.6,0.97,4.49,0.9095678,2.549852,6.657285,9.403644,3.803239,4.960717,0.762469,4.31983,0.9690983,1.928538,1.621253,5.1688,2934.4,3.5,23.69,73.6,9,3.11,10,1,2.6,219,0.074632,1.270636,1.254829,0
2003,5,242.8,6.3,15.89,8.64,115.2,0.7,19.9,13.6,21.1,0.42,3.6,0.5531912,2.511927,5.366815,8.203803,3.529641,4.321777,0.8586568,4.538993,1.152134,2.19168,1.664355,5.499467,2530.4,3.7,19.75,65.8,9,5.29,10,1,2.8,221.7,0.0876146,1.252142,1.261615,0
2003,6,186,7.6,11.26,6.26,111.7,0.9,17.6,15.1,19,0.73,3.35,0.8957735,3.039301,5.840021,8.846104,40.39976,5.414037,0.7001245,4.45474,1.253521,2.887521,1.276364,4.750341,2508.9,3.7,19.61,69.4,9,9.43,10,1,2.8,188.2,0.075013,1.252523,1.203966,0
2003,7,249,8.3,18.63,6.72,109.1,1.3,22.3,8.8,18.6,1.66,9.09,1.163168,2.476102,6.644508,10.99599,4.79743,6.195064,1.977742,4.39923,1.685109,3.269624,0.9547852,11.25841,4239.3,3.7,35.87,68.3,9,1.16,10,0,2.7,379.2,0.0894487,1.276677,1.269286,0
2003,8,206.3,5.8,28.01,5.33,83.9,2.1,34.2,24.1,33.7,3.15,14.64,0.564105,2.412919,6.501115,10.40286,4.805252,7.737625,0.2326893,4.11108,1.893119,2.249209,2.405545,8.747754,5389,3.6,50.73,59.9,9,0.72,10,0,2.6,531.1,0.0985526,1.296776,1.284883,0
2003,9,224,6.9,14.36,5.04,81,1.4,23.5,10.6,12.8,0.25,5.43,0.8997898,2.180548,6.402083,9.31378,4.740128,4.544284,1.188283,3.893626,0.9454772,3.11345,1.047975,9.752193,2127.5,4.1,24.5,61.6,9,1.44,10,0,2.8,184.6,0.0867685,1.273619,1.256614,0
2003,10,193.4,5.2,23.92,3.55,99.9,2.3,28.3,16.8,16,1.56,13.3,0.8394498,2.227911,8.474912,9.402648,5.96806,5.968268,2.08562,3.767603,1.774003,2.450012,2.441437,5.537395,3733.9,4.1,36.02,62.6,9,0.74,10,0,2.7,296.7,0.0794612,1.238981,1.222423,0
2003,11,258.5,8.8,17.53,3.5,144.2,1.1,22.7,7.3,27.9,0.4,5.19,0.8054284,1.83101,4.390413,8.500475,4.880401,3.627192,0.6882115,3.984243,0.8185545,3.433629,0.9835302,11.60405,2457.5,4.4,30.55,59.7,9,1.3,10,0,3.1,223.8,0.0910682,1.296167,1.258738,0
2003,12,222.1,7,13.24,11.61,118.2,1,24.6,10.8,27.9,2.41,4.01,1.029714,2.417016,6.272182,9.217741,3.903701,4.974759,0.983987,4.641371,0.8042551,2.646848,0.8999389,9.078759,3150.5,3.7,26.53,71.4,9,1.48,10,1,2.6,291.3,0.0924615,1.339253,1.324443,0
2003,13,233.5,4.2,8.22,8.01,100.1,1.1,20,4.2,10.6,0.35,1.35,1.081237,2.547611,7.093435,8.243408,4.054916,3.952043,1.057843,3.505123,0.9200784,3.335714,0.8015358,6.898633,2235.7,4.1,25.41,72,9,1.45,10,1,2.7,160.9,0.0719685,1.278868,1.287485,0
2003,14,221.3,9.4,23.04,3.86,159.8,0.9,26.4,7.3,19.4,0.08,8.1,0.8511536,2.240566,8.501007,8.513063,5.387177,3.745791,1.017242,3.500529,0.4483018,2.664861,1.256552,8.039943,2566.8,4.1,32.44,65.5,9,1.49,10,0,2.9,223.9,0.0872292,1.317828,1.305272,0
2003,15,245,8.3,22.57,3.28,149.4,1.1,22.5,4,23.2,0.16,6.89,0.8814012,2.379936,6.685871,10.22779,6.531577,4.712358,0.6357797,3.707361,0.7959148,2.04109,2.168239,8.973031,2532.9,3.9,35.09,65.2,9,1.08,10,0,2.7,270.5,0.1067946,1.358389,1.401572,0
2003,16,229.4,6.7,35.78,2.83,130.2,2.2,22.1,3.3,13.7,0.21,13.3,1.024781,3.151784,7.936739,11.44598,5.79175,7.134834,1.280681,3.663146,2.968282,2.83904,2.032432,11.92964,4054.6,5,24.79,67.9,9,0.65,10,0,3.3,305.9,0.0754452,1.197148,1.177819,0
2003,17,202.7,4.9,23.99,1.12,108.9,1.2,10.5,6.1,10.5,0.05,3.57,0.8262261,2.84137,7.516285,9.028615,6.105722,4.995859,0.8631018,3.972937,1.100262,2.036515,1.254455,14.19301,2094.5,4.7,26.08,63,9,1.34,10,0,3.2,175.6,0.0838386,1.210448,1.216683,1
2003,18,230.6,5.7,25.85,1.31,86.6,1.2,14.2,3.9,12,0.07,14.75,1.132938,3.961591,8.362749,10.08442,27.96062,5.356311,1.849955,2.840707,1.535816,1.524681,1.079799,9.823103,2588.1,5.1,19.51,68.5,9,1.01,10,0,3.2,158.3,0.0611646,1.132013,1.152661,0
2003,19,218,5.2,33.19,4.73,180.6,1.4,23.8,6.4,12.8,0.83,1.91,1.131742,2.362591,6.030211,7.970162,5.651705,6.480463,0.7153314,3.651388,0.7833852,2.798361,1.2263,1.842498,2229.9,3.9,28.99,53.5,9,0.94,10,0,2.7,202.3,0.0907216,1.383926,1.391607,1
2003,20,193.5,3.8,29.46,1.2,130.7,0.8,22.5,5.2,7,0.03,0.33,0.9145401,2.787829,6.462279,8.144547,6.507842,3.364295,0.6444883,3.968536,0.5857948,1.926779,1.512261,10.00467,1564.7,4.4,21.62,42.2,9,1.06,10,0,2.8,128.1,0.0818687,1.380055,1.416213,1
2003,21,189.1,3,29.57,1.56,90.8,1.2,24.6,5.4,13.8,0.23,1.21,0.641351,1.812479,6.442559,7.562395,4.973411,4.704401,0.7887801,3.495098,0.9515079,2.190145,1.21575,4.880608,1697.1,4.5,23.45,39.5,9,1.39,10,0,2.9,131.5,0.0774851,1.366338,1.408487,1
2003,22,187.9,5.8,7.59,2.29,50.7,0.9,24.9,2.2,16.4,1.14,0.29,1.151225,2.285028,6.709908,9.515117,4.119507,4.732729,1.368628,4.474568,0.8562895,0.7966255,1.474754,3.506831,1675.7,4.3,26.11,65.6,9,1.62,10,1,2.7,267.9,0.1598735,1.330793,1.413618,1
2003,23,228.5,5,12.18,2.14,40,0.9,20.8,3.3,14.6,0.75,0.24,1.32388,2.282626,7.384883,9.635491,5.024847,15.87509,1.089693,3.605754,1.124301,2.386317,1.325193,10.81388,1673,4.6,17.6,52.9,9,2.35,10,1,2.8,191.8,0.1146444,1.37324,1.424988,1
2003,24,204.8,8.3,31.82,0.77,53.9,1.4,16.9,2.7,8.4,19.71,0.53,0.9835585,1.896844,6.630122,7.975819,3.671339,3.720528,0.7856197,4.269182,0.8085776,1.242324,2.155291,1.394935,1794.1,5.1,26.86,34.6,9,1.91,10,1,3.2,131.7,0.0734073,1.46532,1.399964,1
2003,25,218.5,7.2,14.53,2.74,84.4,1.6,16.1,2,45.5,2.22,0.51,1.226798,3.097805,8.672784,9.215985,4.157279,4.251513,0.8092487,4.288542,1.122023,2.770179,1.090625,9.70723,2043.3,4.6,20.12,53.2,9,3.65,10,1,2.8,178.3,0.0872608,1.310699,1.301271,1
2003,26,236.3,9.4,13.84,1.27,75.1,0.4,2.1,1.3,40.5,4.58,0.4,1.042406,2.090351,5.968846,13.69624,3.370402,5.364287,0.8471649,4.77363,1.505913,1.718889,1.277694,1.3403,2106.2,5.1,18.62,50,9,3.74,10,1,3.1,112.9,0.0536036,1.381025,1.406853,1
2002,1,209.38,6.85,8.5,5.63,58.78,0.98,18.46,6.93,14.01,0.43,2.18,1.065412,2.474355,7.071075,9.01771,4.483383,5.096408,0.6061878,4.684309,0.6065872,3.008307,1.3322,9.753992,2685.16,4.01,24.9,73.03,8,1.81,9,1,2.74,110.42,0.0411223,1.222764,1.204057,0
2002,2,230.39,6.42,5.95,6.11,80.54,1.84,30.01,2.66,20.42,1.34,0.55,0.7499166,1.644665,4.068186,8.326271,3.875581,5.720909,0.649069,5.329254,0.8276593,2.885782,1.207477,8.04339,2149.82,4.11,22.7,73.04,8,2.33,9,1,2.67,103.23,0.048018,1.303083,1.290498,0
2002,3,220.08,4.5,19.96,3.48,75.08,1.44,24.48,10.07,15.56,3.05,1.52,0.7436456,2.004828,5.535348,7.747638,3.388845,5.160877,0.4480821,4.680823,0.963706,2.932021,0.7020533,3.703696,2086.02,4,17.72,63.34,8,7.25,9,1,2.73,117.51,0.0563322,1.336969,1.35048,1
2002,4,211.19,7.8,17.48,8.84,199.4,0.83,17.49,10.91,27.25,0.66,4.64,0.8564669,2.282768,5.03958,8.904965,3.994999,4.849185,0.6041752,4.644979,0.993947,1.883536,1.522303,5.22101,2751.34,3.51,23.02,72.2,8,3.14,9,1,2.57,144.35,0.0524653,1.249396,1.210057,0
2002,5,208,7.11,14.57,7.67,116.56,1.19,21.36,13.29,21.38,0.15,3.73,0.5238553,2.267082,4.687175,8.019358,3.803492,4.155555,0.530035,4.998891,1.173253,2.190136,1.427405,5.499467,2300.99,3.81,17.57,66.35,8,5.58,9,1,2.67,132.24,0.0574709,1.237295,1.24297,0
2002,6,222.46,7.69,10.67,6.45,103.59,0.95,18.51,15.95,23.46,0.49,3.63,0.8807999,2.495321,5.266025,8.758518,41.77845,5.392467,0.6040763,5.033604,1.249771,2.905881,1.294487,4.783828,2405.24,3.78,19.28,68.33,8,9.16,9,1,2.77,125.06,0.0519948,1.241351,1.18969,0
2002,7,263.66,9.72,17.41,6.18,108.16,1.44,22.94,7.42,17.79,0.96,8.54,1.133692,2.248957,5.828516,10.57307,4.930554,6.283026,1.769,4.582531,1.71077,3.287385,0.9500351,11.18015,3979.79,3.74,35.1,66.36,8,1.21,9,0,2.63,203.94,0.0512439,1.264036,1.254235,0
2002,8,224.02,5.93,23.01,4.89,87.32,2.36,33.02,14.13,33.69,1.83,14.03,0.5455561,2.207611,5.712755,9.841872,4.933523,7.729895,0.216254,4.14006,1.863306,2.231518,2.29756,8.618477,4940.36,3.59,49.53,59.03,8,0.79,9,0,2.59,359.39,0.0727457,1.272597,1.248672,0
2002,9,241.32,7.82,13.77,4.74,82.01,2.14,24.42,11.07,15.47,0.2,4.63,0.8440805,2.12529,5.402601,8.53692,4.702508,4.521676,0.9190124,4.133361,0.9483222,3.109696,0.9877239,9.665207,2117.56,4.13,24.25,61.63,8,1.49,9,0,2.77,90.65,0.0428087,1.252329,1.235608,0
2002,10,229.71,5.72,24.82,3.54,112.88,3.45,28.77,15.44,18.5,1.08,12.58,0.8213794,2.160923,7.697467,9.236393,6.096077,5.938576,2.028814,3.974265,1.754701,2.448717,2.262685,5.57082,3538.83,4.07,35.68,60.11,8,0.78,9,0,2.57,251.91,0.0711845,1.229148,1.21032,0
2002,11,276.32,9.51,15.59,2.9,140.73,1.3,23.4,5.91,27.87,0.23,4.42,0.7904106,1.692245,3.821073,8.228921,4.85612,3.704997,0.6504834,4.040815,0.8226679,3.423061,0.9776642,11.78077,2306.45,4.39,29.2,58.5,8,1.31,9,0,3.02,125.83,0.0545557,1.28588,1.251231,0
2002,12,234.82,7.18,12.45,11.47,108,1.16,26.65,11.46,27.67,1.55,3.88,0.9778855,2.217446,5.595167,8.67144,3.943132,4.862912,0.7687398,4.8197,0.8148481,2.653039,0.9384139,9.124381,2947.65,3.71,25.59,70.04,8,1.46,9,1,2.58,155.77,0.0528455,1.324681,1.304869,0
2002,13,238.15,5.8,14.12,9.3,154.5,2.14,21.02,4.7,14.48,0.33,1.09,1.033688,2.299288,5.857502,7.813657,4.112491,4.036816,0.8844838,3.713054,0.9164128,3.349788,0.8463947,6.905539,2215.74,4.14,25.1,71.76,8,1.52,9,1,2.68,77.32,0.0348958,1.258729,1.26971,0
2002,14,273.74,10.75,20.73,3.47,150.61,2.1,28.01,11.36,15.25,0.05,7.31,0.8247613,2.162709,7.42446,8.169927,5.414248,3.853695,0.9050199,3.661641,0.4496507,2.693341,1.221139,8.015895,2444.06,4.07,31.55,64.08,8,1.48,9,0,2.78,98.92,0.0404736,1.289459,1.288521,0
2002,15,269.09,9.25,23.35,3.39,170.22,1.4,23.34,4.43,21.68,0.11,5.95,0.8176264,2.262297,5.793649,9.003333,6.403506,4.70765,0.5514134,3.927289,0.7959148,2.09286,1.667876,8.754177,2397.92,3.93,34.05,64.77,8,1.09,9,0,2.74,118.57,0.049447,1.326552,1.346371,0
2002,16,235.38,7.1,32.48,2.7,120.62,2.4,22.53,3.32,19.03,0.13,12.04,1.006662,3.033478,7.036117,11.31026,5.683759,7.177902,1.216221,3.799943,2.915798,2.876722,1.990629,11.87029,3911.9,5.08,24.07,65.95,8,0.72,9,0,3.22,251.14,0.064199,1.190008,1.173126,0
2002,17,218.46,6.3,21.82,1.12,117.61,1.31,10.33,5.64,13.08,0.03,3.55,0.793685,2.721619,6.413213,8.799819,5.986002,5.15037,0.7889414,4.108519,1.109135,1.981015,1.124063,13.62093,2012.6,4.79,24.91,61.73,8,1.32,9,0,3.2,114.26,0.0567723,1.197278,1.201069,1
2002,18,335.04,19.49,23.44,0.6,67.54,1.71,14.16,3.83,11.41,0.23,16.3,1.08519,3.937963,8.025671,9.56776,28.15773,5.298032,1.724096,2.843551,1.537353,1.511402,0.9373251,10.01336,2423.2,5.21,19.17,67.5,8,1.08,9,0,3.2,70.72,0.0291846,1.130883,1.142379,0
2002,19,235.35,6.79,28.53,3.64,146.98,1.54,24.15,6.24,12.45,1.07,1.55,1.117218,2.296006,5.776064,7.970162,5.540888,6.82154,0.6119174,3.855742,0.7833852,2.758041,1.174617,1.844342,2107.64,3.91,28.59,52.51,8,0.97,9,0,2.7,84.62,0.0401492,1.360792,1.379194,1
2002,20,206.08,4.67,29.17,1.22,126.01,0.94,24.52,5.54,7.47,0.05,0.32,0.8896304,2.688359,6.000259,8.063908,6.688429,3.347558,0.6529769,4.061961,0.5748723,1.914157,1.235507,9.694444,1489.91,4.45,21.14,40.91,8,1.07,9,0,2.77,48.69,0.0326798,1.36369,1.388444,1
2002,21,220.63,5.36,26.65,1.73,102.49,1.43,25.03,5.2,12.81,0.25,1.25,0.631251,1.752881,5.965332,7.58515,5.20776,4.657823,0.7476588,3.603194,0.9439563,2.190499,1.123613,4.980212,1608.64,4.48,23.72,38.5,8,1.5,9,0,2.87,45.57,0.0283283,1.350136,1.394542,1
2002,22,200.53,6.48,7.21,2.06,53.65,1.01,25.35,2.39,19.4,1.13,0.27,1.100597,2.079189,6.230184,9.19335,4.229474,4.599348,1.108201,4.661008,0.8597284,0.8013987,1.480677,3.496342,1596.25,4.38,25.13,64.59,8,1.67,9,1,2.65,85.18,0.0533626,1.308548,1.365814,1
2002,23,248.95,6.29,10.34,2.26,40.75,0.82,19.27,2.78,17.84,0.69,0.22,1.301751,2.25779,7.128265,9.391317,4.980027,16.3324,1.026076,3.823705,1.103338,2.430113,1.364771,10.91209,1590.3,4.67,16.76,52.44,8,2.41,9,1,2.76,70.61,0.0444004,1.358299,1.405313,1
2002,24,228.61,9.16,20.82,0.68,42.56,1.25,16.1,2.45,8.13,16.9,0.45,0.9699789,1.868812,6.054905,7.758579,3.712173,3.82377,0.7084036,4.7594,0.8183984,1.250187,2.179263,1.399132,1668.94,5.19,16.34,34.37,8,2.03,9,1,3.22,112.16,0.0672043,1.433777,1.365818,1
2002,25,235.25,7.88,13.82,2.69,74.59,1.75,15.42,1.83,41.19,1.4,0.77,1.173969,2.793332,8.428361,9.035279,4.28144,4.37849,0.6263536,4.533343,1.091462,2.837169,1.03869,9.945932,1917.36,4.69,19.23,52.81,8,4.12,9,1,2.82,111,0.0578921,1.28879,1.275756,1
2002,26,248.83,10.38,12.44,1.1,88.47,0.36,2.55,1.24,54.37,3.87,0.35,1.047645,2.14395,5.158899,13.96151,3.370402,5.966949,0.8289284,4.821848,1.508931,1.72249,1.211084,1.349748,1863.26,5.13,18.56,48.53,8,3.54,9,1,3,73.06,0.0392108,1.375523,1.404045,1
2001,1,204.41,6.79,8.32,5.23,63.37,0.89,18.63,6.62,15.31,0.32,1.98,1.082736,2.517146,7.35039,9.442628,4.421483,5.3254,0.621094,4.73641,0.6041706,3.008723,1.274833,9.793164,2603.6,4.05,24.08,72.8,7,1.81,8,1,2.72,98.89,0.037982,1.235116,1.210108,0
2001,2,247.59,6.04,5.07,5.32,74.29,1.12,29.72,2.7,18.85,0.9,0.47,0.7597939,1.688568,4.076339,8.592643,3.906836,6.105559,0.6761135,5.551306,0.8301498,2.913329,1.184963,8.132853,1956.05,4.15,22.27,72.14,7,2.37,8,1,2.67,56.67,0.0289716,1.324271,1.299595,0
2001,3,220.6,4.25,18.25,3.48,79.56,1.14,25.5,10.15,17.4,2.89,1.25,0.7436456,2.079697,5.625354,7.716771,3.328925,5.359166,0.4726605,4.756935,0.9608235,2.886725,0.675701,3.606325,1973.37,4.04,17,62.25,7,7.22,8,1,2.74,99.57,0.0504568,1.334301,1.325299,1
2001,4,227.35,7.42,16.81,8.59,193.29,0.98,18.97,10.46,22.53,0.51,4.38,0.8856948,2.322247,4.859768,9.004009,3.886186,4.968428,0.6720524,4.989236,0.9999467,1.892538,1.61261,5.23672,2557.93,3.55,22.61,71.43,7,3.14,8,1,2.58,123.8,0.0483985,1.263293,1.225995,0
2001,5,209.59,6.01,11.5,7.83,119.54,0.71,22.06,13.05,24.61,0.14,4.27,0.5584811,2.334791,4.511237,7.601287,3.758391,4.80967,0.5550105,5.049386,1.193543,2.217941,1.523378,5.087389,2182.22,3.85,17.1,65.61,7,5.55,8,1,2.65,100.9,0.0462373,1.243512,1.239252,0
2001,6,227.03,6.73,9.71,6.16,102.96,0.87,19.73,15.5,24.29,0.49,3.22,0.9108582,2.463298,4.963265,8.749768,42.76197,5.62888,0.6352012,5.152102,1.170198,2.810058,1.284213,4.755296,2280.28,3.83,18.87,68.15,7,9.01,8,1,2.74,112.44,0.0493097,1.250102,1.195668,0
2001,7,266.16,9.54,16.63,6.25,109.77,1.57,22.99,7.35,24.63,0.64,7.72,1.169961,2.306623,5.811082,10.90007,4.872089,6.734219,1.58229,4.690411,1.71077,3.323949,0.9091245,11.31594,3784.71,3.73,34.21,65.36,7,1.22,8,0,2.61,176.75,0.0467011,1.27423,1.251732,0
2001,8,232.62,5.61,23.53,5.03,86.54,2.36,34.53,14.17,35.28,1.28,13.56,0.5595447,2.261897,5.764637,9.981614,4.748338,8.077215,1.88047,4.294669,1.880228,2.221932,2.143246,8.812348,4582.34,3.64,47.82,58.92,7,0.82,8,0,2.6,299.79,0.0654229,1.284154,1.257474,0
2001,9,257,7.75,15.15,5.23,84,1.89,24.24,10.55,19.17,0.16,4.02,0.8432373,2.162045,5.370379,8.957943,4.427973,4.632865,0.8735859,4.287719,0.9647225,3.179649,0.9265703,10.09948,2020.04,4.16,23.17,61,7,1.46,8,0,2.75,81.02,0.0401081,1.264979,1.251883,0
2001,10,246.32,4.83,25.57,4.23,119.09,3.57,28.96,14.75,17.06,0.74,12.7,0.813247,2.180548,7.935533,9.473224,5.850362,6.192467,1.770343,4.210026,1.763519,2.43952,2.299477,5.627091,3380.72,4.17,33.82,59.32,7,0.76,8,0,2.68,243.69,0.0720823,1.235325,1.212745,0
2001,11,283.21,9.86,15.86,3.17,137.05,1.28,24.3,5.61,30.72,0.15,4.03,0.8048988,1.705893,3.967885,8.465968,4.691903,4.022798,0.6177431,4.217969,0.8472378,3.446487,0.9240683,11.86381,2231.6,4.43,28.25,57.48,7,1.34,8,0,3.01,113.41,0.05082,1.284595,1.252483,0
2001,12,235.73,7.16,12.4,11.39,96.44,1.15,30.13,11.95,32.65,0.98,4.52,0.9897627,2.265011,5.583999,8.619722,3.85825,5.081413,0.7618829,4.913048,0.8004402,2.658655,0.8861321,9.348751,2804.51,3.73,24.6,69.85,7,1.46,8,1,2.54,133.12,0.0474664,1.334019,1.306176,0
2001,13,224.84,5.1,13.54,8.96,149.11,1.94,21.41,4.51,17.76,0.22,1.11,1.02957,2.382682,6.133511,8.190416,3.984972,4.174577,0.8529255,4.009778,0.9136717,3.367557,0.7221798,7.00359,2097.86,4.13,24.44,70.96,7,1.54,8,1,2.62,74.84,0.0356744,1.257471,1.262137,0
2001,14,274.01,9.69,34.56,3.95,152.3,1.15,27.99,7.34,20.87,0.21,6.56,0.827243,2.169216,7.607029,8.319681,5.181099,3.908412,0.8578387,3.975723,0.4469689,2.723471,1.126512,7.913025,2352.16,4.09,31.19,63.83,7,1.45,8,0,2.75,88.13,0.0374677,1.294638,1.278295,0
2001,15,278,9.25,22.85,3.64,161.47,1.27,24.3,4.61,26.94,0.09,4.98,0.8192649,2.271382,6.338785,8.749595,5.901849,4.98164,0.5672978,4.191344,0.789598,2.061437,1.611475,8.658929,2299.46,3.93,32.87,64.01,7,1.09,8,0,2.71,102.44,0.0445496,1.333218,1.354498,0
2001,16,238.52,6.64,34.96,2.94,119.89,2.25,21.29,2.92,19.76,0.11,11.79,1.01478,3.124077,7.268715,11.54108,5.496865,7.453688,1.369618,4.038197,2.830872,2.892339,2.039578,11.88218,3769.79,5.1,23.39,65.03,7,0.75,8,0,3.17,222.8,0.0591014,1.206905,1.189783,0
2001,17,226.46,6.12,20.85,1.21,116.72,1.28,10.66,5.14,13.2,0.02,3.31,0.781186,2.80002,6.362314,8.543514,5.53235,5.202394,0.8304646,4.460932,1.134085,1.97392,1.124063,14.17371,1944.33,4.8,24.12,60.54,7,1.26,8,0,3.13,81.68,0.0420093,1.208151,1.209536,1
2001,18,244.45,8.51,21.2,1.4,67.7,1.23,10.45,2.78,6.8,0.05,12.83,1.095045,4.047238,8.547041,9.833259,28.61558,5.513041,1.809125,3.291147,1.562351,1.508438,1.053174,10.04349,2226.47,5.12,19.61,67.9,7,1.05,8,0,3.11,44.83,0.020135,1.136565,1.140099,0
2001,19,233,6.01,27.84,3.53,141.98,1.68,24.62,6.02,10.87,0.75,1.55,1.074248,2.384223,5.640687,7.656256,5.369077,6.897411,0.7284731,4.246412,0.7733319,2.84031,1.174617,1.862972,1986.99,3.93,27.92,51.39,7,1.01,8,0,2.69,63.68,0.0320485,1.364887,1.379194,1
2001,20,211.54,4.64,26.46,1.27,131.18,0.92,24.93,6.03,7.51,0.03,0.32,0.9152576,2.832834,6.030412,7.738875,6.268444,3.426364,0.6408017,4.463693,0.5842198,1.827538,1.267187,9.872142,1411.73,4.47,20.43,39.99,7,1.08,8,0,2.74,35.38,0.0250615,1.377465,1.398232,1
2001,21,229.74,5.22,27.27,1.72,99.08,1.33,24.53,5.42,14.2,0.13,1.19,0.6461116,1.803375,5.865616,6.939753,5.146008,4.517772,0.7936931,3.66924,0.9245409,2.225683,1.112488,5.071499,1533.74,4.49,22.42,38.32,7,1.46,8,0,2.83,41.48,0.027045,1.352842,1.387604,1
2001,22,212.13,6.49,7.23,2.13,56.68,0.92,26.96,2.76,20.54,1.11,0.22,1.105018,2.12596,6.389932,9.23027,4.246459,4.831248,1.080117,4.9638,0.8180099,0.8137785,1.367199,3.538807,1490.8,4.4,23.76,63.96,7,1.68,8,1,2.62,13.68,0.0091763,1.323102,1.360373,1
2001,23,247.17,5.85,10.73,2.74,38.42,0.66,19.33,2.65,15.5,0.58,0.2,1.335129,2.332428,7.341159,9.43851,4.925842,17.17392,1.075551,3.785847,1.082765,2.471968,1.248647,11.05582,1508.61,4.7,15.89,51.15,7,2.44,8,1,2.77,73.32,0.048601,1.358299,1.392778,1
2001,24,257.98,10.24,21.13,0.76,40.5,1.16,15.64,2.31,6.71,20.56,0.33,0.9907854,1.944654,6.320361,7.271395,3.830931,3.937971,0.7098233,4.942264,0.8031388,1.224467,2.044336,1.414694,1557.32,5.25,15.93,33.01,7,2.11,8,1,3.24,64.07,0.0411412,1.401542,1.327326,1
2001,25,236.54,8.05,12.58,2.49,82.64,1.5,15.51,1.65,5.22,0.87,0.63,1.201606,2.76294,8.394782,8.999282,4.230672,4.738626,0.6384847,4.959894,1.070061,2.836752,0.9743813,10.00597,1823.05,4.71,18.84,52.11,7,4.02,8,1,2.81,88.16,0.0483585,1.296569,1.282167,1
2001,26,243.16,8.71,12.32,1.17,77.75,0.28,2.89,1.21,49.61,2.85,0.33,1.048693,2.19667,5.211009,13.80961,3.525525,5.984904,0.9582987,4.865639,1.521099,1.723012,1.203861,1.359263,1710.44,5.16,18.04,47.47,7,3.49,8,1,2.98,96,0.0561259,1.383826,1.391521,1
2000,1,213.76,5.91,7.54,0.09,61.34,0.59,18.12,6.5,17.34,0.22,1.79,1.090368,2.53234,7.903646,9.114506,4.078858,5.450768,0.6229629,4.598456,0.6072066,3.053964,1.238904,9.942299,2478.86,4.11,22.87,72.32,6,1.75,7,1,2.74,65.13,0.0262742,1.228971,1.202891,0
2000,2,241.55,6.01,5.52,5.63,70.48,1.3,29.35,2.29,17.65,0.63,0.46,0.7590348,1.723028,4.590472,8.465658,3.614094,6.300887,0.6941618,5.102304,0.8445064,2.972951,1.156062,8.132853,1905.61,4.22,21.57,71.12,6,2.37,7,1,2.7,84.55,0.044369,1.326925,1.294417,0
2000,3,252.09,4.79,21.03,3.34,83.07,1.15,24.68,10.08,21.71,6.79,1.22,0.7481344,1.963831,5.890423,7.595247,3.435423,5.17294,0.4857764,4.449892,0.953198,2.95081,0.6784146,3.595538,2038.21,4.1,16.84,60.6,6,7.37,7,1,2.77,48.82,0.0239524,1.326342,1.318706,1
2000,4,222.18,7.14,17.01,8.51,199.38,0.79,20.7,10.89,28.29,0.42,4.74,0.8883599,2.362407,5.265188,8.518457,3.683588,4.943709,0.6733992,4.623945,1.018276,1.902939,1.483541,5.300324,2355.58,3.6,22.02,70.97,6,3.04,7,1,2.65,93.44,0.0396675,1.263293,1.223547,0
2000,5,220.28,6.48,11.08,8.09,92.12,0.56,19.71,11.56,26.35,0.15,3.09,0.5775399,2.337129,4.824852,6.935481,3.398184,4.953317,0.569826,4.888079,1.259012,2.2335,1.410535,4.968153,2022.5,3.9,17.72,63.97,6,5.52,7,1,2.74,112.77,0.0557577,1.227554,1.233087,0
2000,6,252.3,7.46,10.7,7.04,110.42,0.85,19.29,14.69,24.88,0.34,2.93,0.9303966,2.523871,4.993225,8.238954,40.37958,5.651486,0.6534992,4.987514,1.127358,2.848019,1.268985,4.731638,2148.22,3.9,18.34,67.51,6,8.57,7,1,2.83,85.05,0.0395909,1.24018,1.190904,0
2000,7,288.09,9.56,16.82,8.22,115.53,1.48,24.58,7.4,22.03,0.42,7.74,1.139202,2.302019,6.241764,10.66543,4.725596,6.74096,1.639678,4.479857,1.729798,3.325815,0.9620365,11.00773,3595.09,3.74,33.7,64.62,6,1.21,7,0,2.62,84.17,0.0234125,1.264117,1.233233,0
2000,8,227.26,5.59,23.3,5.52,85.79,2.46,34.92,13.78,31.45,0.97,12.84,0.5480359,2.282439,6.171988,9.843801,4.450176,8.574538,1.981527,4.066921,1.891577,2.228779,2.267985,8.847739,4253.67,3.66,46.42,56.29,6,0.84,7,0,2.64,155.47,0.0365496,1.286728,1.257474,0
2000,9,270.24,7.66,13.08,5.56,80.17,1.59,23.99,9.99,12.85,0.12,3.67,0.8092488,2.186092,5.768399,8.605133,4.241354,4.632865,0.8623751,4.007214,0.960879,3.134039,0.9293584,10.48752,1934.57,4.18,22.16,58.28,6,1.43,7,0,2.74,275.46,0.1423882,1.258686,1.235817,0
2000,10,260.7,5.25,25.13,4.43,131.21,2.47,29.96,13.82,16.77,0.55,12.23,0.8214616,2.295314,8.653798,9.627259,5.652524,6.299559,1.804631,4.017201,1.774164,2.460619,2.292599,5.701207,3230.49,4.24,32.14,59.28,6,0.8,7,0,2.7,58.44,0.0180901,1.251595,1.221294,0
2000,11,303.62,10.31,15.13,3.26,148.59,1.36,25.61,5.86,22.49,0.13,3.73,0.8711026,1.7076,4.408761,8.465968,4.502786,4.386912,0.6856194,3.776159,0.8583969,3.504102,0.9371889,11.95949,2135.3,4.44,27.79,56.28,6,1.17,7,0,3.03,206.08,0.096511,1.29105,1.262584,0
2000,12,235.39,8.58,12.29,12.66,120.33,1.38,29.38,13.39,31.6,0.75,4.32,0.9917462,2.278683,6.049837,8.401289,3.562558,5.127561,0.7440262,4.760705,0.7809172,2.682402,0.8905849,9.568834,2659.2,3.79,23.61,68.66,6,1.45,7,1,2.6,95.6,0.0359507,1.310432,1.275562,0
2000,13,255.82,5.09,7.59,6.55,61.83,1.19,22.82,4.62,12.62,0.14,0.96,1.02649,2.404321,6.652398,7.770793,3.850214,4.321508,0.8659142,3.870442,0.9145863,3.394052,0.7815799,7.12471,1985.82,4.14,23.14,70.7,6,1.5,7,1,2.65,101.64,0.0511829,1.24873,1.253363,0
2000,14,300.59,10.34,19.12,3.94,154.98,1.27,28.04,6.98,16.01,0.04,6.42,0.8441255,2.156279,8.032765,8.328009,4.95799,4.045976,0.8926522,3.815473,0.448764,2.789498,1.149502,8.132606,2268.59,4.11,30.11,61.49,6,1.44,7,0,2.76,56.38,0.0248524,1.290766,1.280857,0
2000,15,287.46,9.68,22.44,3.56,156.1,1.31,26.4,4.95,19.91,0.07,4.76,0.846348,2.322477,6.927633,8.784734,5.35558,5.119877,0.6022269,4.026267,0.7903884,2.153211,1.575244,8.926731,2197.16,3.97,30.92,62.66,6,1.09,7,0,2.71,72.67,0.0330745,1.345326,1.364046,0
2000,16,252.79,5.93,31.62,2.78,116.33,1.34,25.42,3.56,19.26,0.08,11.72,1.021933,3.108534,7.724459,11.86133,5.563629,7.544219,1.328436,3.856922,2.865255,2.929392,2.098332,11.62639,3654.48,5.15,22.42,62.65,6,0.75,7,0,3.1,99.38,0.027194,1.215413,1.194561,0
2000,17,231.81,6.2,20.36,1.28,118.57,1.27,11.07,4.96,10.13,0.02,3.08,0.8078449,2.886618,7.36379,8.74464,5.324687,5.363293,0.8070599,4.018858,1.142079,1.977113,1.150525,14.28801,1864.51,4.82,23.4,58.6,6,1.25,7,0,3.09,205.52,0.1102274,1.200945,1.214393,1
2000,18,236.07,6.01,20.92,1.25,67.37,1.38,12.71,3.14,6.94,0.08,11.96,1.088514,4.26474,8.677198,9.755217,29.74592,6.271946,1.700305,3.278035,1.527225,1.54165,1.072479,10.04349,2182.26,5.21,19.22,67,6,1.01,7,0,3.07,64.83,0.0297077,1.153874,1.159816,0
2000,19,249.11,6.57,27.36,3.69,143.28,1.44,26.65,6.13,9.77,1.31,1.53,1.065722,2.281553,5.881843,7.484121,5.331755,6.932072,0.6827302,3.917355,0.7811434,2.815269,1.173444,1.893264,1903.6,3.96,28.03,50.26,6,1.03,7,0,2.73,61.28,0.0321916,1.336814,1.342935,1
2000,20,227.15,4.97,25.35,1.25,139.11,0.91,25.62,5.77,6.61,0.03,0.34,0.956382,2.625426,6.307962,7.945457,6.475665,3.294581,0.6505601,3.898422,0.5767224,1.835185,1.237487,9.86228,1374.16,4.52,19.75,38.86,6,1.06,7,0,2.76,54.38,0.0395733,1.353109,1.383018,1
2000,21,238.25,4.63,25.08,1.78,104.3,1.18,25.49,5.27,12.28,0.09,1.05,0.6236598,1.834563,6.307115,7.161768,5.219075,4.473042,0.7873939,3.445296,0.9329373,2.206185,1.114718,5.122726,1478.6,4.56,22.18,37.09,6,1.39,7,0,2.85,26.92,0.0182064,1.365128,1.379328,1
2000,22,221.39,6.27,7.46,2.22,61.24,0.89,27.63,2.08,18.15,1.02,0.24,1.139193,2.160528,6.89313,9.166108,4.048102,4.880049,1.13577,4.727429,0.8123236,0.8385051,1.371313,3.570946,1443.86,4.43,22.87,63.02,6,1.66,7,1,2.62,31.96,0.0221351,1.310002,1.322034,1
2000,23,256.53,5.95,10.74,1.88,44.57,0.76,18.65,2.3,11.68,0.39,0.14,1.343188,2.341795,7.407829,9.023432,4.925842,17.72334,1.072334,3.718907,1.056356,2.550061,1.259987,11.3743,1428.68,4.73,16.04,50.46,6,2.43,7,1,2.76,58.49,0.0409399,1.306056,1.320169,1
2000,24,270.79,9.09,19.99,0.69,42.54,1.06,14.08,2.39,6.62,21.68,0.83,1.013073,1.98434,6.442773,6.509754,3.881389,4.068152,0.7448303,4.798315,0.8153693,1.224673,2.073364,1.41328,1490.49,5.32,15.32,33.12,6,2.21,7,1,3.23,43.76,0.0293595,1.366025,1.311587,1
2000,25,248.64,7.11,13.41,2.37,91.08,1.57,16.04,1.64,39.78,0.88,0.51,1.172298,2.751932,8.997622,8.410544,4.151788,4.946373,0.6727974,4.542027,1.106578,2.942799,0.9369051,10.14804,1724.3,4.75,17.98,50.21,6,3.88,7,1,2.81,53.15,0.0308241,1.276151,1.254566,1
2000,26,244.83,9.64,12.29,1.2,89.23,0.42,3.05,1.12,47.35,2.78,0.47,0.9746221,2.209929,5.439466,12.08189,3.205023,5.873311,0.8510646,4.846254,1.536464,1.768327,1.184903,1.32611,1618.08,5.33,17.25,44.71,6,4.2,7,1,3.06,79.79,0.0493115,1.330602,1.340579,1
1999,1,215.02,5.38,8.45,5.13,65.21,1.08,20.66,6.38,17.1,0.32,1.97,1.196892,2.49246,8.498544,8.909585,4.85001,5.226048,0.6089569,4.701898,0.618967,3.075492,1.297282,10.01239,2441.5,4.11,24.04,67.09,5,2.03,6,1,2.68,61.04,0.025001,1.232669,1.213815,0
1999,2,212.95,4.89,4.4,3.8,73.15,1.36,25.87,1.99,14.61,0.32,0.35,0.8223563,1.68429,5.240264,8.132236,4.333446,5.978071,0.6907082,5.097206,0.8880193,3.00906,1.167739,8.181944,1772.62,4.26,19.64,64.49,5,2.95,6,1,2.67,72.37,0.0408266,1.277118,1.256716,0
1999,3,249.49,3.91,23.6,3.16,78.9,1.79,25.98,9.67,15.1,8.23,1.38,0.8185278,1.9737,6.48725,7.439027,4.129114,4.94545,0.4843234,4.458809,0.9898213,3.038939,0.7334212,3.620885,2002.93,4.12,17.41,56.83,5,7.16,6,1,2.69,46.27,0.0231012,1.309321,1.303069,1
1999,4,227.56,6.78,17.23,7.79,210,0.94,20.26,9.74,26.2,0.33,4.31,0.9848779,2.17133,6.230991,8.400846,4.416772,4.790416,0.6322997,4.591802,1.064029,1.947737,1.527849,5.067231,2501.04,3.68,20.91,69.22,5,2.85,6,1,2.65,68.03,0.0272007,1.264557,1.227229,0
1999,5,251.55,5.16,10.45,6.11,105.73,1.06,19.42,11.99,17.19,0.13,3.3,0.6388716,2.289058,6.061372,7.194482,4.174673,4.66414,0.5380793,4.858925,1.280785,2.427717,1.45416,4.767901,2260.59,3.86,18.47,64.49,5,4.96,6,1,2.62,81.23,0.0359331,1.244984,1.238039,0
1999,6,288.95,5.94,9.07,7.1,103.91,1.1,18.63,12.63,20.07,0.19,2.99,1.044216,2.367609,6.141727,8.398525,49.66738,5.382368,0.6607676,4.648196,1.125108,2.775847,1.376339,4.769796,2165.93,3.93,19.39,62.82,5,8.44,6,1,2.76,62.46,0.0288375,1.261628,1.22521,0
1999,7,265.41,8.14,16.5,6.13,113.76,2.62,27.08,9.94,21.29,0.36,7.72,1.270014,2.281485,7.308857,10.5703,5.388365,6.864522,1.516816,4.291051,1.813206,3.319177,1.009482,11.2095,3495.2,3.8,32.89,64.43,5,1.27,6,0,2.62,58.68,0.0167887,1.262854,1.232001,0
1999,8,241.82,5.2,22.74,4.48,74.07,3.33,31.35,21.16,27.9,0.43,12.43,0.6372511,2.296216,7.168395,9.943233,5.278975,8.081563,1.730592,3.717478,1.899174,2.226552,2.195533,9.149679,3948.39,3.74,40.27,53.92,5,0.92,6,0,2.79,130.34,0.0330109,1.273988,1.243793,0
1999,9,251.14,6.63,11.89,4.25,78.67,2,27.43,9.26,14.26,0.11,3.91,0.9531788,2.175216,6.715249,8.290109,4.954853,4.511066,0.8189697,3.898068,0.9875426,3.084684,0.9731501,10.78963,1900.29,4.28,21.37,57.6,5,1.51,6,0,2.77,198.34,0.1043735,1.249936,1.229669,0
1999,10,251.27,4.22,21.13,3.17,119.31,3.08,24.17,11.81,17.96,0.42,9.45,0.9861483,2.261393,9.023773,9.874112,6.753314,6.286985,1.624331,3.52386,1.739376,2.463082,2.21936,5.741396,3091.39,4.62,26.4,55.41,5,0.84,6,0,2.95,38.1,0.0123246,1.225852,1.205621,0
1999,11,307.05,7.82,16.37,3.01,159.38,1.87,24.78,5.88,35.84,0.15,4.6,1.030891,1.72834,5.114572,8.586174,5.260264,4.494787,0.61879,3.565778,0.9026256,3.459133,0.8934118,12.69585,2129.45,4.5,26.9,52.76,5,1.33,6,0,2.99,128.29,0.0602456,1.287189,1.27405,0
1999,12,245.74,5.59,13.01,12.5,118.44,1.76,28.55,10.57,34,0.52,3.59,1.15723,2.102107,7.168053,8.285295,4.328746,4.846466,0.7265881,4.694976,0.7984839,2.685087,0.9454193,9.427423,2549.58,3.84,25.07,66.08,5,1.45,6,1,2.6,55.17,0.0216389,1.307816,1.284554,0
1999,13,235.31,4.2,9.85,7.82,118.58,1.52,21.25,3.76,17.26,0.15,0.9,1.235247,2.203777,7.375164,7.625901,4.650018,4.24927,0.80326,3.570518,0.9173383,3.452749,0.8082522,7.233208,1948.36,4.26,24.28,66.19,5,1.54,6,1,2.69,90.33,0.0463621,1.258801,1.263471,0
1999,14,258.69,10.1,20.87,3.93,164.13,1.47,27.68,6.85,18.76,0.03,5.82,0.9977843,2.162767,9.620078,8.278339,5.539653,4.062224,0.8461158,3.64768,0.4555979,2.786711,1.196152,8.206464,2217.08,4.09,29.87,62.75,5,1.49,6,0,2.63,34.1,0.0153806,1.303804,1.304335,0
1999,15,294.69,9.28,21.26,2.7,157.7,1.96,25.64,4.64,26.25,0.05,4.46,0.9807046,2.414217,7.393419,8.73234,5.94404,5.559042,0.5697511,3.809145,0.8065188,2.252313,1.544357,9.155622,2127.46,3.93,29.58,59,5,1.14,6,0,2.59,69.1,0.03248,1.326751,1.345213,0
1999,16,258.2,7.23,29.94,3,118.75,3.58,21.21,3.25,17.6,0.1,12.79,1.134221,3.108534,8.217509,12.26612,6.202485,7.484344,1.290998,3.673259,2.723626,3.019992,2.110998,11.62639,3628.95,5.08,25.94,60.86,5,0.89,6,0,3.15,57.87,0.0159468,1.198632,1.194561,0
1999,17,240.75,4.24,20.08,1.01,125,1.54,10.54,6.14,17.14,0.02,2.83,0.891661,2.866552,7.726956,9.128017,6.501449,5.848738,0.8269056,3.673545,1.15013,1.955602,1.12137,14.18869,2048.33,4.87,22.68,57.42,5,1.29,6,0,3.02,147.58,0.0720489,1.204559,1.220496,1
1999,18,241.17,3.33,15.27,0.82,57.37,1.4,8.9,4.01,16.09,0.08,9.87,1.208118,4.140524,9.201695,10.00535,31.08247,6.101115,1.584627,3.307805,1.616111,1.864147,1.130115,10.06361,2087.46,5.42,21.8,62.48,5,1.2,6,0,3.21,46.29,0.0221753,1.141319,1.157501,0
1999,19,236.72,5.99,27.79,2.74,133.27,1.78,23.73,5.86,11.71,0.25,1.52,1.246459,2.234626,6.969008,7.582696,6.086478,7.52668,0.6980881,3.603822,0.8318886,2.863956,1.235204,1.922096,1843.47,3.92,25.45,49.95,5,1.05,6,0,2.68,25.66,0.0139194,1.335478,1.334926,1
1999,20,230.11,5.31,24.43,1.08,131.45,1.2,25.26,4.77,7.62,0.03,0.31,1.03281,2.775291,7.554445,8.140837,7.008295,3.697622,0.6328406,3.755705,0.6038978,1.872638,1.367389,9.86228,1363.07,4.5,17.79,40.07,5,1.08,6,0,2.78,37.74,0.0276875,1.359909,1.380258,1
1999,21,245.11,4.66,25.39,1.78,115.97,1.93,25.67,5.24,14.12,0.24,1.04,0.6906532,1.8625,7.078692,7.651461,5.672907,4.830499,0.7826977,3.448745,0.9999328,2.267405,1.149194,5.184945,1437.63,4.59,21.37,36.04,5,1.54,6,0,2.96,24.69,0.0171741,1.394411,1.401756,1
1999,22,214.93,5.67,7.74,1.69,56.51,1.3,25.22,2.5,21.62,0.96,0.23,1.270004,2.006061,8.584222,9.093361,4.836442,5.099319,1.088946,4.54998,0.8541784,0.8653304,1.452662,3.480454,1455.86,4.41,21.35,62.73,5,2.25,6,1,2.65,27.96,0.0192051,1.316585,1.335388,1
1999,23,253.38,3.91,7.74,1.25,25.79,0.76,15.11,1.43,9.14,0.22,0.07,1.400613,2.372639,8.286162,9.114577,5.553374,17.65273,1.037074,3.752681,1.038698,2.602103,1.251229,11.12945,1357.28,4.86,16.03,44.26,5,2.78,6,1,2.93,36.18,0.0266563,1.312619,1.31885,1
1999,24,257.81,9.93,17.56,0.52,41.92,1.46,13.15,1.83,6.84,15.4,0.38,1.076592,2.113249,7.790536,6.663003,4.587931,4.035865,0.7345467,4.80793,0.8345643,1.233306,2.153025,1.418956,1466.67,5.7,14.24,30.21,5,2.81,6,1,3.38,25.69,0.0175159,1.37289,1.319504,1
1999,25,253.63,7.25,12.96,1.95,78.43,2.01,18.28,1.15,40.75,0.82,0.65,1.282602,2.839971,9.571939,8.486926,4.930865,4.601277,0.6687847,4.597194,1.147902,3.015162,0.9903859,10.45112,1754.15,4.76,16.85,50.29,5,3.83,6,1,2.83,35.38,0.0201693,1.281276,1.260871,1
1999,26,243.48,7.53,12.24,1.11,82.54,0.98,3.42,1.25,45.26,4.04,0.44,1.115128,2.306816,6.641595,12.63797,4.021358,6.188948,0.7872938,5.032454,1.569422,1.809956,1.239438,1.34086,1473.17,5.35,16.9,43.22,5,4.28,6,1,2.89,37.37,0.0253671,1.338634,1.373544,1
1998,1,209.62,5.5,7.43,4.85,70.87,0.94,21.66,6.46,19.46,0.23,1.85,1.242878,2.816339,9.35963,10.03332,5.312169,5.925224,0.5520915,4.954581,0.6303126,3.116,1.252203,10.0627,2405.32,4.13,23.13,65.91,4,2.03,5,1,2.68,59.03,0.0245414,1.256543,1.243663,0
1998,2,220.5,4.69,5.59,3.89,80.1,1.31,26.99,1.88,16.26,0.32,0.34,0.8566211,1.986191,5.758533,9.445107,4.902088,6.903084,0.6273463,5.227904,0.9298632,3.061099,1.243598,8.417638,1858.6,4.31,19.18,64.07,4,3.05,5,1,2.68,31.88,0.0171527,1.282247,1.275853,0
1998,3,268.02,3.34,21.46,3.13,92.25,1.57,26.13,9.13,18.65,7.06,1.25,0.8499769,2.086363,7.020833,8.103516,4.47358,5.7239,0.4480328,4.926861,1.014161,3.11686,0.7385914,3.691014,1981.48,4.2,17.15,56.08,4,6.89,5,1,2.74,72.52,0.0365989,1.311945,1.314903,1
1998,4,243.67,7.05,15.76,7.35,204.26,0.86,21.19,9.72,24.44,0.48,4.7,1.021658,2.492917,6.907973,9.600966,4.811299,5.156529,0.5925958,5.062626,1.079137,1.979408,1.50527,5.144397,2579.79,3.71,20.99,67.51,4,2.84,5,1,2.63,68.96,0.0267309,1.282512,1.248453,0
1998,5,249.44,6.74,8.67,7.92,96.72,0.93,19.1,10.98,18.5,0.21,3.19,0.6774884,2.534948,6.660848,8.074615,4.508286,5.39831,0.4950132,5.174574,1.278229,2.464688,1.458536,4.925518,2383.6,3.92,17.52,61.72,4,4.68,5,1,2.65,42.53,0.0178428,1.270392,1.255618,0
1998,6,275.4,5.95,7.92,6.92,108.99,0.97,19.11,12.75,20.51,0.23,3.09,1.139974,2.648332,6.80147,10.07017,54.51963,6.399961,0.6198571,5.119159,1.127363,2.801057,1.377717,4.95306,2253.1,3.97,18.35,61.19,4,8.23,5,1,2.73,50.3,0.0223248,1.303334,1.272285,0
1998,7,262.38,8.26,16.78,6.69,110.27,2.58,27.89,10.23,26.2,0.31,8.14,1.339677,2.404094,7.693534,11.48945,5.882494,7.593497,1.49883,4.699946,1.898645,3.359491,1.03219,11.27716,3376.78,3.83,32.03,63.22,4,1.25,5,0,2.61,132.15,0.0391349,1.279487,1.246965,0
1998,8,257.47,4.1,21.08,4.55,72.74,3.11,33.06,22.4,39.38,0.21,11.51,0.6417433,2.440187,7.248124,10.91464,5.658066,8.615739,1.708383,4.263163,1.943883,2.276638,2.215472,9.270191,3814.56,3.8,38.53,53.06,4,0.9,5,0,2.85,168.98,0.0442987,1.289461,1.262734,0
1998,9,245.17,6.75,11.36,4.24,78.76,1.9,27.53,8.96,16.32,0.25,3.37,0.9657333,2.323949,7.039045,8.923691,5.368205,5.051586,0.8339813,4.142474,1.081646,3.186657,0.9909879,11.47833,1863.06,4.34,22.78,56.43,4,1.49,5,0,2.88,34.54,0.0185394,1.278054,1.254764,0
1998,10,266.67,4.83,20.56,3.09,131.18,2.84,25.49,11.49,15.07,0.56,9.45,1.050211,2.529522,9.883651,10.88656,6.773635,6.617879,1.711624,4.17519,1.730723,2.492998,2.21936,5.483664,2946.37,4.7,24.87,53.64,4,0.84,5,0,3,115.72,0.0392754,1.236985,1.215344,0
1998,11,301.4,5.87,14.83,2.82,154.42,1.69,26.17,5.95,26.76,0.09,4.16,1.019674,1.890963,5.406524,9.222528,5.806031,4.531035,0.6275761,4.234891,0.9363336,3.497607,0.950438,13.23863,2048,4.56,25.31,50.82,4,1.32,5,0,2.99,40.39,0.0197217,1.305465,1.298726,0
1998,12,232.37,5.65,11.07,10.33,114.41,1.66,26.42,9.94,32.2,0.44,3.78,1.190566,2.514482,7.851098,9.278046,4.852854,5.526186,0.6887091,4.952506,0.8139489,2.737092,0.9323662,9.446316,2452.83,3.9,23.91,64.79,4,1.46,5,1,2.64,78.64,0.0320609,1.317035,1.302793,0
1998,13,229.67,4.74,11.88,6.83,121.42,1.36,22.16,3.84,18.23,0.08,0.73,1.255332,2.626671,8.077945,8.568428,5.178193,4.828716,0.8130162,4.075934,0.9303634,3.516037,0.8222301,7.542448,1864.05,4.31,22.56,64.62,4,1.51,5,1,2.7,29.72,0.0159438,1.299072,1.301206,0
1998,14,276.42,10.5,19.29,3.78,160.24,1.46,29.56,7.04,19.16,0.03,5.31,0.969664,2.419202,9.907393,9.057263,5.764468,4.548964,0.8287128,4.084748,0.4677597,2.81202,1.224311,8.602163,2172.24,4.14,28.38,60.16,4,1.47,5,0,2.62,46.57,0.0214387,1.333133,1.326892,0
1998,15,300.63,9.21,22.23,3.42,161.76,2,28.17,6.52,21.61,0.03,4.6,0.992616,2.473583,7.40082,9.153397,6.224125,6.218167,0.5563976,4.403636,0.8113871,2.275063,1.455567,8.888952,2064.85,3.96,28.78,57.91,4,1.14,5,0,2.57,45.9,0.0222292,1.320151,1.32664,0
1998,16,258.38,6.58,29.45,2.96,118.45,3.44,21.73,3.63,14.66,0.06,12.74,1.165695,3.397305,9.316904,13.2894,6.400913,7.962068,1.339209,4.099619,2.734565,3.00796,2.260169,12.01074,3527.14,5.15,24.83,60.19,4,0.93,5,0,3.13,143.27,0.0406193,1.220603,1.222683,0
1998,17,240.72,4.45,19.37,1.12,120.11,1.41,11.87,6.03,15.3,0.03,2.67,0.9098582,3.150058,7.900774,9.79401,6.931182,6.086096,0.8269056,4.104519,1.173602,1.953648,1.145424,14.40476,1971.9,4.94,21.64,55.26,4,1.32,5,0,2.95,39.49,0.0200264,1.232916,1.242868,1
1998,18,247.68,3.18,13.86,0.91,57.18,1.5,9.07,3.55,7.09,0.05,9.65,1.297656,4.520223,9.757895,10.59889,34.04432,5.783048,1.65756,3.716635,1.683449,1.808096,1.220426,10.23765,2018.31,5.52,21.17,60.45,4,1.32,5,0,3.14,24.02,0.011901,1.161057,1.189621,0
1998,19,244.42,6.06,24.6,2.65,136.04,1.68,24.23,5.7,11.55,0.48,1.36,1.333111,2.455633,7.289758,8.397226,6.509603,8.015634,0.6642132,4.166268,0.8887698,2.881243,1.235204,1.979501,1789.17,3.94,24.72,48.83,4,1.04,5,0,2.67,36.2,0.0202328,1.355815,1.34841,1
1998,20,223.85,4.86,24.15,1.1,122.21,1.15,25.4,4.67,7.59,0.03,0.29,1.062562,2.858178,7.844699,8.9954,7.369396,3.85973,0.5914398,4.127149,0.6424444,1.969125,1.375643,10.11516,1334.46,4.54,16.99,38.37,4,1.09,5,0,2.76,19.98,0.0149723,1.370876,1.384411,1
1998,21,244.46,4.76,24.46,1.75,113.55,1.91,26.21,5.12,12.62,0.15,0.9,0.6983349,1.918126,7.305151,7.970272,5.622306,5.074053,0.7064059,3.806562,1.077514,2.292623,1.13669,5.417916,1387.25,4.68,20.64,35.43,4,1.7,5,0,3.05,26.66,0.0192179,1.398607,1.392012,1
1998,22,228.7,5.69,6.58,1.71,63.45,1.02,25.55,2.11,22.76,1.54,0.21,1.266205,2.548998,9.180986,10.39241,5.350047,5.573027,0.9748842,5.038737,0.8778812,0.877617,1.388779,3.526296,1405.59,4.44,20.63,61.69,4,2.33,5,1,2.64,29.32,0.0208596,1.346201,1.357101,1
1998,23,255.19,5.29,7.18,1.48,35.51,0.74,14.69,1.51,9.99,0.25,0.13,1.488431,2.7178,8.481231,10.36926,5.851816,19.8792,1.050733,4.211763,1.054516,2.753548,1.208916,11.10723,1393.05,4.84,16.47,45.05,4,2.74,5,1,2.93,23.05,0.0165464,1.344897,1.343024,1
1998,24,253.12,9.14,16.7,0.52,42.04,1.25,13.1,1.6,6.36,16.91,0.4,1.107605,2.363813,8.056397,7.028484,5.12618,4.391583,0.7301657,4.936274,0.8472734,1.240751,2.166022,1.439104,1424.79,5.71,14.23,28.36,4,2.72,5,1,3.34,25.79,0.0181009,1.379789,1.324803,1
1998,25,259.67,7.15,11.87,1.83,96.58,1.63,18.77,1.11,52.55,0.75,0.35,1.314142,3.107189,10.01249,9.234958,5.521685,5.631918,0.6418279,5.079772,1.194487,3.07043,1.016823,10.43026,1721.17,4.83,15.81,48.25,4,3.76,5,1,2.86,49.43,0.0287188,1.298152,1.285291,1
1998,26,254.54,6.91,12.07,1.17,81.15,1,3.75,1.45,50.38,3.87,0.43,1.176296,2.713901,7.180103,14.13643,4.665149,7.138348,0.9101663,5.29732,1.594941,1.824552,1.375625,1.388054,1600.14,5.4,16.2,41.85,4,4.23,5,1,2.95,74.82,0.0467584,1.374368,1.418951,1
1997,1,223.35,5.75,7.4,5.25,85.02,0.96,23.2,6.67,23.62,0.2,1.85,1.332131,2.824814,9.248646,11.23552,5.21824,6.191457,0.5911044,4.954581,0.6341173,3.157042,1.343565,10.17462,2286.01,4.18,22.53,64.59,3,2.03,4,1,2.68,56.53,0.0247287,1.276975,1.26775,0
1997,2,220.44,4.64,5.24,3.5,80.85,1.32,28.32,2.11,14.66,0.29,0.34,0.911299,2.022597,5.799126,10.55319,4.745487,7.043964,0.6856243,5.186412,0.9596111,3.085785,1.338642,8.409228,1738.26,4.35,18.26,63.6,3,2.94,4,1,2.66,41.45,0.0238457,1.300453,1.295283,0
1997,3,263.11,2.79,21.75,2.85,84.62,1.66,26.13,9.24,23.07,9.26,1,0.912972,2.035476,6.965112,8.620761,4.47358,5.907018,0.4771382,5.121478,1.029605,3.148344,0.7815782,3.709562,1780.19,4.26,16.5,55.12,3,6.53,4,1,2.76,65.53,0.0368107,1.321193,1.325507,1
1997,4,258.15,7.23,16.19,7.79,212,0.82,22,10.02,32.84,0.28,4.51,1.062014,2.599496,6.785828,10.56212,4.777854,5.354651,0.618576,5.13451,1.086744,1.975457,1.577851,5.134129,2301.48,3.74,20.73,67.2,3,2.88,4,1,2.65,63.06,0.0273998,1.291553,1.264897,0
1997,5,239.17,5.87,12.07,6.3,135.13,0.97,23,12.62,33.89,0.2,3.5,0.6885045,2.682485,6.361842,8.571778,4.745564,5.95183,0.540998,5.504866,1.232622,2.303446,1.471782,5.088345,2186.29,3.99,18.64,61,3,4.71,4,1,2.63,52.68,0.0240956,1.280637,1.268301,0
1997,6,288.91,7.36,9.86,5.99,101.28,1.01,19.56,12.99,34.25,0.32,3.12,1.15616,2.796549,6.428611,10.45709,59.91168,6.874287,0.682662,5.239671,1.116201,2.77058,1.387429,4.875059,2308.29,4.05,17.53,60.49,3,8.21,4,1,2.73,49.07,0.0212582,1.298142,1.276113,0
1997,7,272.97,9.14,20.31,9.77,120.62,2.29,30.28,9.81,36.58,0.27,9.92,1.280762,2.463211,7.594801,12.73775,5.565274,7.918141,1.500331,4.850306,1.951331,3.424557,1.058657,11.40259,3269.85,3.89,30.77,61.29,3,1.25,4,0,2.65,126.31,0.0386287,1.287211,1.25956,0
1997,8,261.28,4.18,19.95,4.64,74.49,3.35,35.25,21.8,41.08,0.16,11.25,0.6404623,2.497632,7.637643,12.14086,5.54169,9.214694,1.537698,4.54495,1.983554,2.306624,2.23109,9.33554,3684.22,3.87,37.3,52.02,3,0.9,4,0,2.85,124.46,0.0337819,1.293341,1.271635,0
1997,9,250.23,6.78,11,4.3,79.7,1.84,28.79,8.07,19.93,0.15,3.4,0.954282,2.310088,7.024995,9.882271,5.39518,5.223977,0.7686464,4.283841,1.107109,3.275084,1.039861,11.74855,1808.75,4.39,20.05,57.11,3,1.45,4,0,2.94,32.68,0.0180677,1.278054,1.25602,0
1997,10,267.34,4.92,19.65,3.43,118.71,2.64,27.34,11.43,37.4,0.38,9.18,1.039813,2.602389,10.36022,12.28732,7.115163,7.047795,1.457942,4.568042,1.623567,2.456156,2.180118,5.339498,2785.67,4.77,23.12,52.19,3,0.82,4,0,2.96,88.34,0.0317123,1.240707,1.221451,0
1997,11,302.57,6.54,15.61,2.9,141.48,1.71,28.25,5.37,29.07,0.08,4.07,0.9996806,1.915869,5.516861,10.04633,5.754243,5.119813,0.5684566,4.471901,0.9505925,3.480206,0.931802,13.35886,2107.28,4.61,24.33,48.69,3,1.31,4,0,3,40.79,0.0193567,1.29254,1.285867,0
1997,12,240.33,5.87,10.65,9.92,112.28,1.65,27.39,11.51,40.4,0.35,3.86,1.306878,2.766206,7.882629,10.5793,4.670697,5.810922,0.6977803,5.158861,0.8131358,2.723475,0.9971831,9.629272,2292.12,3.95,23.16,65.22,3,1.44,4,1,2.65,64.37,0.0280832,1.324985,1.315953,0
1997,13,237.22,5.34,9.97,4.98,100.21,1.39,23.8,3.7,21.34,0.06,0.64,1.361531,2.991653,8.388312,10.05684,5.101668,5.175473,0.8081672,4.26353,0.9175181,3.63227,0.9228172,7.519888,1733.89,4.37,21.36,63.21,3,1.51,4,1,2.67,25.92,0.014949,1.332381,1.340068,0
1997,14,283.11,10.09,16.94,3.58,144.24,1.44,30.41,7.08,19.65,0.02,5.76,0.9725817,2.409564,9.858102,9.942112,5.88211,4.83418,0.8245899,4.304265,0.4753655,2.81202,1.260877,8.706643,2102.23,4.2,27.99,59.74,3,1.56,4,0,2.64,44.99,0.0214011,1.35481,1.340295,0
1997,15,289.68,9.05,19.8,2.99,142.79,1.83,30.42,7.59,28.11,0.03,5.38,1.007732,2.609265,8.061895,10.378,6.416625,6.622116,0.5329478,4.755547,0.8304883,2.288796,1.337837,8.924651,2037.06,4.02,27.37,55.71,3,1.2,4,0,2.57,45.89,0.0225276,1.317516,1.325315,0
1997,16,244.69,6.52,28.56,3.31,111.88,3.33,22.29,3.43,15.34,0.12,12.47,1.198042,3.516879,10.07233,14.57171,6.702527,8.730338,1.352736,4.375261,2.715556,2.969359,2.318122,12.30608,3467.69,5.17,23.78,57.53,3,0.88,4,0,3.1,115.04,0.0331748,1.242976,1.246364,0
1997,17,237.19,3.83,17.66,1.15,116.58,1.32,13.89,5.74,15.66,0.01,2.47,0.9418821,3.28816,8.468139,10.95527,6.883001,7.011631,0.8420627,4.271091,1.186655,1.955604,1.155826,14.77411,1875.28,5.05,20.48,52.92,3,1.25,4,0,2.97,25.24,0.0134593,1.271048,1.283954,1
1997,18,259.2,2.74,13.72,0.72,52.49,1.45,10.44,2.55,8.43,0.04,9.79,1.380485,4.584405,10.44742,11.52053,35.20612,6.348022,1.623467,3.937113,1.721318,1.791968,1.313699,10.10627,1916.9,5.63,19.6,57.95,3,1.31,4,0,3.17,28.8,0.0150243,1.193275,1.231491,0
1997,19,244.88,5.99,24.17,2.65,129.91,1.64,25.58,5.88,14.48,0.43,1.15,1.436542,2.482945,7.438528,9.607811,6.780836,8.582048,0.6890179,4.479858,0.900476,2.970354,1.315446,2.038621,1680.69,3.98,23.97,47.08,3,1.15,4,0,2.72,32.71,0.0194622,1.36126,1.355186,1
1997,20,226.22,5.22,20.6,0.97,121.57,0.96,25.71,4.74,10.17,0.02,0.29,1.125595,2.861039,7.86042,9.302379,7.421345,4.255491,0.5809821,4.414063,0.6783996,2.011364,1.455707,10.5038,1298.54,4.57,16.44,37.46,3,1.1,4,0,2.82,14.87,0.0114513,1.369506,1.389971,1
1997,21,241.48,4.53,23.52,1.85,123.21,1.8,27.92,5.3,16.06,0.1,0.84,0.733545,1.933595,7.356648,8.034549,5.702137,5.230983,0.7282535,4.0196,1.049186,2.292623,1.092971,5.573987,1375.5,4.82,20.42,33.65,3,1.57,4,0,3.1,22.91,0.0166558,1.375228,1.376866,1
1997,22,226.02,6.09,6.34,1.85,56.89,1.02,26.79,2.16,18.21,1.53,0.2,1.341319,2.622426,8.819391,10.95091,5.260617,5.710068,1.059657,5.21069,0.8796405,0.8646473,1.517791,3.569125,1273.3,4.51,19.92,59.49,3,2.29,4,1,2.62,26.32,0.0206707,1.368091,1.366668,1
1997,23,237.98,4.67,6.82,1,25.33,0.64,14.82,1.3,10.44,0.16,0.06,1.607376,2.590848,7.971082,10.90353,5.714664,20.34719,1.065652,4.391828,1.059815,2.829957,1.312613,11.4272,1185.07,4.92,14.56,43.17,3,3.7,4,1,2.95,18.32,0.015459,1.358482,1.357962,1
1997,24,270.2,7.9,17.03,0.42,40.32,1.05,13.55,1.64,5.77,13.37,0.13,1.148968,2.439435,7.607552,7.367384,5.16752,4.481207,0.7566484,5.042159,0.8636834,1.220011,2.296947,1.417836,1320.63,5.75,13.81,28.56,3,2.75,4,1,3.49,26.79,0.0202858,1.370197,1.311686,1
1997,25,247.63,7.06,11.86,1.34,73.2,1.68,18.68,1.09,25.91,0.67,0.41,1.399512,3.233288,9.185769,9.690407,5.38176,5.818098,0.694619,5.220732,1.21022,3.010226,1.117388,10.57836,1512.5,4.97,16,43.36,3,4.09,4,1,3.01,32.52,0.0215008,1.298152,1.287867,1
1997,26,233.87,6.27,10.46,1.01,78.04,0.94,4.15,1.52,37.94,3.39,0.41,1.207696,2.727538,7.094964,15.10302,5.005525,7.482545,0.8141022,5.529562,1.591758,1.852337,1.334263,1.413496,1504.43,5.42,16.14,40.51,3,3.98,4,1,2.92,64.29,0.0427338,1.371624,1.407689,1
1996,1,221.42,5.03,7.92,3.62,90.39,1.05,24.34,6.94,15.47,0.31,2.1,1.471968,2.533465,8.825044,9.770015,6.69864,5.791821,0.592883,4.843188,0.610903,3.104269,1.408349,10.06392,2054.95,4.22,21.43,63.9,2,2.03,3,1,2.71,57.91,0.0281807,1.233792,1.226064,0
1996,2,220.3,4.53,5.02,3.12,81.86,1.42,31.47,2.19,13.84,0.43,0.34,0.9653592,1.82052,5.764539,9.439348,6.277099,6.779561,0.6702095,5.233514,0.955788,3.070433,1.300915,8.172234,1557.19,4.39,17.63,63.04,2,2.76,3,1,2.71,22.08,0.0141794,1.261351,1.257556,0
1996,3,276.26,4.95,19.34,2.32,82.76,1.51,26.46,8.46,11.28,9.21,1.02,1.036291,1.929362,7.262891,8.426942,5.495798,5.331244,0.4381434,5.116361,0.9928691,3.062591,0.8082504,3.735712,1602.34,4.38,15.75,51.69,2,10.17,3,1,2.84,57.51,0.0358913,1.2643,1.27086,1
1996,4,259.41,6.99,16.25,5.97,205.82,0.77,22.49,9.82,18,0.26,4.39,1.182644,2.427167,6.607427,9.515423,6.245561,5.065895,0.6198156,5.05863,1.083494,1.938623,1.628329,4.989435,2149.98,3.79,20,65.31,2,2.96,3,1,2.69,55.25,0.0256979,1.252719,1.23888,0
1996,5,281.47,5.34,12.8,5.32,149.05,1.15,24.63,14.26,17.81,0.17,3.91,0.8128743,2.429787,6.458723,7.792526,5.724444,5.470432,0.4990757,5.450363,1.19672,2.229861,1.512623,4.6854,2125.56,4.02,16.51,60.78,2,4.73,3,1,2.66,58.27,0.027414,1.234944,1.223048,0
1996,6,295.38,7.44,9.21,5.39,104.34,1.24,20.97,13.2,20.05,0.26,3.62,1.170203,2.575091,6.546447,9.523758,68.70605,6.209835,0.6476868,5.250172,1.127476,2.726949,1.41719,4.737666,2181.86,4.08,17.13,59.11,2,8.24,3,1,2.78,40.38,0.0185071,1.243431,1.229396,0
1996,7,273.58,8.84,19.01,9.66,117.3,2.45,39.18,9.81,29.6,0.28,10.36,1.59696,2.319408,7.402341,11.96033,7.071504,7.702472,1.564474,4.969576,2.024202,3.40752,1.138341,11.33458,3029.32,3.96,29.55,60.01,2,1.26,3,0,2.71,92.37,0.030492,1.265694,1.234863,0
1996,8,257.97,4.34,20.83,3.51,81.64,3.17,37.8,22.18,27.34,0.35,11.19,0.7455906,2.441478,7.660625,11.96144,7.113852,9.141562,1.545425,4.590858,2.081379,2.239441,2.3735,9.063631,3462.99,3.91,35.87,52.11,2,0.94,3,0,2.9,101.7,0.0293677,1.258114,1.24548,0
1996,9,254.86,6.51,11.73,3.64,81,2,29.39,7.24,9.09,0.1,3.84,1.069823,2.225518,6.941695,9.349358,6.743976,5.146775,0.8455956,4.254063,1.136663,3.311511,1.14775,11.49564,1607.72,4.47,19.46,53.49,2,1.44,3,0,2.9,26.74,0.0166322,1.261652,1.247289,0
1996,10,261.45,5.46,20.29,2.78,105.01,2.92,27.49,12.35,12.66,0.3,8.69,1.221872,2.427602,9.961751,12.07006,8.53137,7.047795,1.306399,4.685171,1.541849,2.405637,2.393104,4.994853,2492.49,4.87,23.37,49.06,2,0.82,3,0,2.98,81.16,0.0325618,1.219968,1.205776,0
1996,11,317.55,7.2,15.35,2.92,154.22,1.79,29.81,5.33,28.84,0.06,4.15,1.114471,1.878303,5.583868,10.03629,7.228949,5.289063,0.583631,4.595994,0.9964282,3.480206,1.023958,13.266,1869.63,4.71,24,47.17,2,1.3,3,0,3.02,42.07,0.0225018,1.267196,1.27062,0
1996,12,240.73,5.26,9.98,8.19,118.55,1.68,27.87,9.49,24.53,0.29,3.38,1.510842,2.566054,7.550411,9.247639,6.16187,5.400485,0.7486913,5.092656,0.7707448,2.688524,1.080372,9.179478,2086.31,4.01,22.32,64.17,2,1.44,3,1,2.68,58.81,0.0281885,1.288896,1.28511,0
1996,13,249.44,4.95,0.17,2.62,65.47,1.43,23.2,3.73,14.99,0.07,0.58,1.561389,2.809064,7.988869,8.722324,6.385067,4.919651,0.9236196,4.280652,0.9093342,3.639549,1.024214,7.35082,1579.19,4.44,19.98,60.23,2,1.5,3,1,2.84,21.67,0.0137222,1.287325,1.289767,0
1996,14,289.26,10.08,16.95,3.47,155.09,1.72,53.85,6.98,10.22,0.03,5.44,1.072306,2.239372,9.533948,8.997386,6.676629,4.70251,0.8448667,4.219868,0.4791991,2.66795,1.357241,8.866236,1863.62,4.26,26.58,57.09,2,1.6,3,0,2.75,38.79,0.0208143,1.3128,1.293721,0
1996,15,298.71,8.27,19.47,2.53,137.18,1.98,32.28,7.26,19.97,0.03,4.69,1.083583,2.565649,8.209669,10.24482,7.602635,6.716142,0.5718325,4.774645,0.8313196,2.239527,1.504879,7.98984,1792.25,4.07,26.88,54.22,2,1.42,3,0,2.61,38.7,0.021593,1.28163,1.29299,0
1996,16,249.17,6.62,27.64,2.76,111.83,3.56,22.96,3.58,15.09,0.08,11.89,1.332639,3.381614,9.694253,14.65967,7.839212,9.448418,1.241043,4.455459,2.69936,2.908285,2.447859,12.24486,3183.46,5.25,22.32,55.73,2,0.88,3,0,3.08,98.98,0.031092,1.2198,1.227945,0
1996,17,236.66,4.84,17.44,0.85,120.07,1.44,15.52,6.93,15.65,0.02,2.09,1.044215,3.030562,8.400931,11.0214,8.518566,7.696631,0.8522902,4.249842,1.146527,1.95365,1.260443,14.04383,1703.13,5.16,19.76,52.12,2,1.43,3,0,3.04,32.24,0.0189299,1.26096,1.273764,1
1996,18,224.83,2.61,13.98,0.75,49.36,1.3,10.5,3.56,7.42,0.05,8.65,1.525398,4.225258,10.56363,12.30826,37.17648,6.477573,1.710714,4.029799,1.76184,1.734722,1.257128,10.86696,1746.08,5.69,19.38,57.14,2,1.35,3,0,3.23,23.87,0.0136706,1.183805,1.227808,0
1996,19,247.44,5.39,24.82,2.55,137.67,1.88,29.02,5.88,7.65,0.37,1.03,1.554699,2.220881,7.193934,8.60915,7.426983,8.480285,0.7030795,4.5069,0.9095717,2.834307,1.340923,2.185018,1453.42,3.99,23.88,44.83,2,1.08,3,0,2.76,23.54,0.0161963,1.295205,1.290653,1
1996,20,236.08,5.89,21.92,0.92,126.29,0.96,25.52,5.41,5.75,0.03,0.26,1.246506,2.769641,7.821313,9.031436,8.146372,4.342338,0.5868506,4.40086,0.7247859,1.939598,1.460087,10.1781,1276.67,4.71,16.25,37.13,2,1.18,3,0,2.91,16.79,0.0131514,1.324474,1.344266,1
1996,21,260.26,4.54,24.51,1.59,127.82,1.81,29.08,5.45,13.92,0.07,0.9,0.7853801,1.792025,7.386193,7.94713,6.406895,5.08356,0.6421989,4.007578,0.9982738,2.156748,1.069443,5.486208,1229.28,4.9,19.8,32.84,2,2.42,3,0,3.15,23.91,0.0194504,1.318531,1.325184,1
1996,22,234.99,4.53,5.61,1,55.01,0.95,29.26,2.19,14.25,0.82,0.12,1.527698,2.450865,8.793013,10.10231,6.692896,5.469414,1.001566,5.174469,0.8244053,0.8266227,1.473583,3.405654,1165.1,4.62,18.6,56.39,2,2.6,3,1,2.66,23.91,0.0205218,1.30543,1.314104,1
1996,23,242.9,4.42,6.39,1.07,29.82,0.7,16.15,1.39,7.73,0.18,0.09,1.702729,2.392288,8.435007,10.73182,6.754922,19.9678,1.038648,4.541704,1.068362,2.807497,1.373026,11.49617,1100.59,4.96,14.15,42.11,2,5.86,3,1,3.04,14.96,0.0135927,1.320196,1.319691,1
1996,24,270.99,8.5,14.38,0.27,42.5,1.12,14.98,1.95,3.7,9.39,0.19,1.14782,2.067318,7.754895,7.618804,6.28652,4.191962,0.7199318,4.938451,0.8393425,1.183327,2.348617,1.352897,1173.8,5.79,13.17,27.82,2,2.62,3,1,3.46,20.25,0.0172517,1.30744,1.258816,1
1996,25,278.98,6.72,10.28,1.3,73.62,1.62,18.4,0.97,23.32,0.69,0.43,1.398114,3.002124,9.824352,9.739102,6.838322,5.676193,0.6698351,5.133463,1.111313,2.989301,1.172496,10.00791,1397.8,5.05,15.61,42.57,2,4.01,3,1,3.03,28.56,0.0204321,1.250628,1.244316,1
1996,26,233.88,7.37,11.54,1,71.14,1.12,4.59,1.36,33.99,4.23,0.5,1.132923,2.237521,6.509141,15.84787,5.86127,7.550499,0.8480231,5.551769,1.583838,1.824963,1.504242,1.351335,1290.01,5.44,15.89,39.8,2,3.96,3,1,2.93,62.39,0.048364,1.322685,1.35485,1
1995,1,209.44,4.67,5.9,3.69,89.04,0.91,21.81,5.2,11.29,0.14,1.56,1.369273,2.157977,9.592439,9.682869,5.740051,5.510772,0.494894,4.547595,0.5879721,2.990625,1.350287,9.40553,1668.73,4.26,21.53,58.23,1,2.02,2,1,2.73,33.47,0.0200572,1.152,1.148,0
1995,2,227.04,3.79,4.73,2.83,81.77,1.38,30.38,1.99,9.68,0.31,0.31,0.8856506,1.489787,6.139019,9.486782,5.270444,6.294857,0.5603759,5.202301,0.9342991,2.866884,1.214674,7.497462,1208.3,4.37,17.13,57.59,1,3.12,2,1,2.74,14.05,0.0116279,1.169,1.172,0
1995,3,299.79,4.59,14.92,3.25,83.52,1.29,24.47,8.45,10.67,0.7,0.98,0.9622011,1.657527,8.225245,8.805581,4.729602,5.145988,0.4133429,5.220777,0.9830387,2.809717,0.7661142,3.585136,1208.38,4.4,15.29,53.15,1,7.31,2,1,2.83,22.39,0.0185289,1.175,1.18,1
1995,4,264.57,6.91,14.9,6.52,193.52,0.67,21.46,9.47,14.08,0.25,4.18,1.145973,1.999314,7.70995,9.932591,5.292848,5.000884,0.5343238,5.291454,1.071705,1.858699,1.583978,4.839414,1756.5,3.88,19.07,62.02,1,2.74,2,1,2.65,35.58,0.0202562,1.161,1.16,0
1995,5,324.25,7.57,13.44,6.9,159.83,1.15,21.9,13.47,20.19,0.23,3.8,0.7869064,2.034998,7.423819,8.237343,4.818556,5.692437,0.4366366,5.380417,1.083986,2.169125,1.444721,4.275,1609.6,4.02,16.07,57.92,1,5.58,2,1,2.64,33.11,0.0205703,1.152,1.156,0
1995,6,315.09,8.75,8.41,5.29,129.18,1.11,20.66,13.74,19.37,0.28,3.67,1.166703,2.038869,7.306302,9.86918,6.217742,6.148351,0.5578698,5.193048,1.105368,2.517958,1.365308,4.695407,1766.27,4.13,16.52,59.6,1,8.09,2,1,2.77,34.15,0.0193345,1.161,1.162,0
1995,7,264.79,8.17,14.52,7.57,120.16,2.19,27.77,8.26,25.38,0.17,7.3,1.488313,1.979017,8.019871,11.34756,6.122514,7.16509,1.123097,4.853101,2.02218,3.263908,1.083102,10.18381,2456.86,4.01,25.71,55.83,1,1.31,2,0,2.79,52.31,0.0212914,1.158,1.153,0
1995,8,264.48,3.96,19.12,3.79,84.89,3.03,37.03,21.4,26.66,0.2,11.43,0.7210741,2.117501,8.132298,11.14766,6.090626,8.480112,1.392275,4.568018,2.113075,2.140957,2.324682,8.269736,2966.19,3.96,34.14,49.9,1,0.91,2,0,2.93,76.5,0.0257907,1.166,1.164,0
1995,9,257.03,5.76,10.86,3.51,79.41,1.79,27.74,6.061,9.74,0.09,2.94,0.9796913,1.865481,7.464188,8.828477,5.989321,5.035984,0.6732449,4.05922,1.084602,3.100666,1.124143,10.71356,1302.82,4.44,17.82,48.29,1,1.46,2,0,3,21.29,0.0163415,1.148,1.137,0
1995,10,288.22,4.57,20.73,3.05,105.62,2.96,29.15,13.41,12.28,0.25,9.36,1.212175,2.122029,10.07255,11.25938,7.335658,6.623868,1.226666,4.77105,1.488271,2.248259,2.367067,4.590858,2048.59,4.91,24.86,46.28,1,0.85,2,0,3.02,70.61,0.0344676,1.152,1.144,0
1995,11,325.39,7.61,14.01,2.58,152.7,1.67,27.38,5.03,15.7,0.05,3.58,1.043512,1.562648,5.972052,9.233019,6.34675,4.892751,0.5061848,4.38549,0.9226187,3.369028,1.017851,12.58634,1537.36,4.79,22.7,44.75,1,1.98,2,0,3.12,32.3,0.02101,1.169,1.17,0
1995,12,237.58,5.51,7.64,6.24,102.41,1.55,28.26,8.28,18.61,0.18,3.08,1.408054,2.030106,8.464586,8.724188,5.239685,5.284232,0.5659042,4.732952,0.7375548,2.514989,1.054021,8.421539,1715.09,4.07,21.56,59.65,1,1.39,2,1,2.78,43.05,0.0251007,1.176,1.179,0
1995,13,234.89,3.31,4.69,2.71,52.76,1.41,23.37,2.8,11.06,0.09,0.49,1.459242,2.071581,8.535116,8.354717,5.406492,4.496939,0.6044631,4.426734,0.7286332,3.466237,1.03456,7.007454,1231.97,4.52,18.94,55.82,1,1.55,2,1,2.94,17.37,0.0140994,1.165,1.163,0
1995,14,293.18,9.52,15.82,3.11,148.64,1.59,28.98,5.95,8.24,0.03,4.72,1.051281,1.801586,10.61687,8.4801,5.810817,4.50001,0.6919465,4.108927,0.4621014,2.461209,1.326726,8.436,1511.22,4.38,25.92,52.35,1,1.54,2,0,2.77,30.54,0.0202088,1.2,1.199,0
1995,15,306.56,7.51,17,2.56,140.14,1.77,28.55,6.77,14.46,0.03,4.17,1.057154,2.139824,8.437481,9.407546,6.553996,5.964602,0.5451215,4.685619,0.8296604,2.165886,1.510923,7.29,1425.16,4.19,25.57,49.88,1,1.25,2,0,2.62,26.29,0.0184471,1.19,1.195,0
1995,16,254.4,7.17,25.79,2.98,112.36,3.28,21.84,3.62,12.84,0.08,12.04,1.316837,2.912674,9.942823,13.67506,6.822639,9.173221,1.176344,4.275872,2.590556,2.756668,2.311481,11.53,2699.24,5.36,20.83,52.6,1,1.16,2,0,3.11,82.08,0.0304086,1.14,1.153,0
1995,17,246.23,4.49,14.96,0.88,117.69,1.2,12.03,5.99,7.26,0.01,2.09,1.042131,2.563928,8.871099,10.5975,7.237525,7.337112,0.717416,4.187037,1.004844,1.883944,1.16277,12.618,1446.14,5.32,18.21,47.41,1,1.2,2,0,3.06,27.33,0.0188986,1.184,1.186,1
1995,18,264.99,2.87,12.41,0.94,39.07,1.38,12.35,4.4,5.61,0.09,9.16,1.478099,3.690181,10.81231,11.99635,32.78349,6.458199,1.742071,4.237433,1.744396,1.710772,1.124444,8.944,1519.71,5.64,25.38,54.15,1,1.31,2,0,3.04,16.98,0.0111732,1.135,1.184,0
1995,19,244.25,5.25,21.65,2.59,140.12,1.81,27.04,5.39,7.49,0.89,0.81,1.442207,1.898189,7.83653,8.023438,6.560939,7.205,0.5544791,4.525,0.8548607,2.643943,1.275855,2.036363,1158.29,4.08,22.23,41.88,1,1.25,2,0,2.85,18.38,0.0158682,1.185,1.183,1
1995,20,234.08,6.16,18.76,1.01,123.2,0.9,25.19,5.4,7.04,0.02,0.34,1.189414,2.277666,8.817716,8.585014,7.077647,4.024409,0.4694805,4.427425,0.6870009,1.776189,1.437094,9.675,1086.62,4.77,15.86,36.02,1,1.18,2,0,2.97,13.97,0.0128564,1.214,1.247,1
1995,21,255.17,4.45,23.46,1.66,126.82,1.75,30.26,5.24,12.79,0.1,0.87,0.7395293,1.556929,7.916605,7.469107,5.792852,4.86,0.4997656,4.068607,0.8332837,2.023216,1.01273,5.024,1010.97,4.94,19.78,30.97,1,1.76,2,0,3.12,21.49,0.0212568,1.213,1.218,1
1995,22,229.12,4.23,5.03,1.18,56.07,0.82,26.85,1.89,9.87,0.49,0.09,1.371363,1.943589,9.879789,9.933446,5.624283,5.254,0.7692518,4.734189,0.7549499,0.7360843,1.439046,3.171,962.89,4.65,18.42,50.74,1,2.81,2,1,2.74,15.11,0.0156923,1.19,1.199,1
1995,23,244.88,3.68,6.31,1.08,32.04,0.66,16.05,1.3,7.39,0.17,0.09,1.492313,2.06588,9.259064,10.75333,6.0965,20.1695,0.8626642,4.470181,1.075893,2.587555,1.342156,10.54695,880.34,5.14,15.64,39.6,1,3.21,2,1,3.09,13.54,0.0153804,1.198,1.203,1
1995,24,241.06,8.49,12.21,0.54,34.99,1.13,12.41,1.8,2.69,12.8,0.14,0.9981042,1.773,9.048885,7.603597,5.46179,4.1138,0.68893,4.628352,0.8591018,1.092638,2.19292,1.245762,1029.77,5.97,14.98,27.35,1,2.49,2,1,3.48,22.49,0.0218398,1.18,1.157,1
1995,25,286.88,6.42,8.99,1.08,68.59,1.37,17.83,0.84,19.89,0.2,0.46,1.296952,2.36016,10.97693,9.897462,6.00907,5.693273,0.5472509,4.983944,1.008451,2.780745,1.061082,8.943619,998.75,5.16,15.22,40.64,1,4.11,2,1,3.07,28.39,0.0284255,1.171,1.164,1
1995,26,237.66,6.38,8.11,0.8,64.02,1.03,3.05,0.96,21.86,4.11,0.34,0.9658336,1.797206,7.4136,15.72209,5.17323,7.460968,0.6645949,5.140527,1.509855,1.754772,1.283483,1.179175,1136.45,5.62,18.85,38.85,1,4.57,2,1,3.06,35.69,0.0314048,1.197,1.225,1
1994,1,207.52,4.29,5.92,3.5,96.09,0.94,27.67,6.88,12.66,0.17,1.27,0.917743,1.821078,7.729604,7.827703,4.922857,4.929134,0.387241,3.536232,0.570293,2.781977,1.122433,7.411765,1107.25,4.3,20.51,57.15,0,2.06,1,1,2.74,57.12,0.0515873,1,1,0
1994,2,219.91,4.1,4.6,2.79,81.94,1.34,30.53,4.51,10.29,0.26,0.28,0.628121,1.301124,5.12439,7.565217,4.594982,5.785714,0.451916,3.911504,0.888962,2.379157,1.091351,6.115385,884.2,4.42,16.61,57.43,0,3.11,1,1,2.75,51.28,0.0579959,1,1,0
1994,3,289.56,5.45,14.64,2.69,82.56,1.16,21.47,11.13,12.56,0.44,0.85,0.626433,1.377828,6.056881,6.64071,4.234201,4.623529,0.317224,3.819149,0.899395,2.371069,0.617834,2.772727,969.91,4.61,14.49,51.27,0,7.77,1,1,2.9,68.62,0.0707488,1,1,1
1994,4,282.1,5.96,14.41,6.37,202.55,0.75,21.01,19.06,16.54,0.29,4.03,0.747536,1.786697,6.345638,7.93338,4.860283,4.277916,0.454357,3.963636,1.064255,1.66999,1.287787,4.241379,1423.45,3.93,18.65,60.3,0,2.92,1,1,2.67,97.6,0.0685658,1,1,0
1994,5,339.19,6.17,9.24,5.14,168.67,0.69,15.55,12.88,11.32,0.16,2.38,0.563283,1.723114,5.97731,6.669913,4.40856,5.042017,0.375763,3.854167,0.960129,1.879658,1.212014,3.5625,1271.63,4.13,18.14,55.58,0,5.69,1,1,2.74,67.35,0.0529635,1,1,0
1994,6,287.76,7.67,7.09,3.61,162.24,1.1,18.36,13.64,14.13,0.27,2.28,0.799659,1.799531,6.260756,8.566996,5.637119,5.412281,0.469983,4.060241,0.966231,2.252199,1.152159,3.851852,1393.58,4.34,14.7,53.44,0,8.07,1,1,2.92,50.27,0.0360726,1,1,0
1994,7,268.83,7.21,12.51,6.76,103.42,2.12,27.92,10.99,22.16,0.16,6.83,1.054793,1.815612,7.14147,9.143885,5.14497,6.108346,0.89064,3.803371,1.946275,2.78253,0.863718,7.9375,1831.53,4.07,25.47,53.74,0,1.32,1,0,2.8,96.49,0.0526827,1,1,0
1994,8,257.45,4.11,15.89,3.35,56.63,3.5,36.38,27.71,22.06,0.19,11.1,0.529423,1.930265,7.22871,8.939585,5.179104,7.217117,1.032845,3.669091,2.257559,1.852039,1.850861,6.578947,2224.64,4,32.77,46.89,0,0.98,1,0,2.96,128.97,0.0579734,1,1,0
1994,9,265.61,5.74,9.99,3.24,81.14,1.89,26.88,8.81,8.82,0.09,2.51,0.782501,1.664122,6.700348,7.16016,5.154321,4.768924,0.577397,3.365854,1.05506,2.868331,0.968254,8.222222,973.2,4.53,16.83,45.61,0,1.47,1,0,3.02,57.24,0.0588163,1,1,0
1994,10,289.24,4.92,17.83,2.81,118.75,2.95,26.63,17.95,12.25,0.21,8.36,0.926739,1.913462,9.140244,9.558048,6.323843,5.666268,0.928589,3.835249,1.598573,2.127019,1.933878,3.714286,1577.74,5.17,24.62,43.94,0,1.07,1,0,3.13,108.02,0.068465,1,1,0
1994,11,335.47,7.74,13.07,2.64,159.72,1.75,25.94,6.89,14.82,0.06,3.25,0.815244,1.303293,5.095607,7.518745,5.443182,4.036923,0.352742,3.464052,0.917116,3.040639,0.847503,10.16667,1218.19,4.86,21.61,42.16,0,1.34,1,0,3.1,76.77,0.0630197,1,1,0
1994,12,250.18,5.74,7.39,6.34,114.5,1.48,28.71,14.25,17.97,0.13,2.41,0.992286,1.766846,7.45122,7.121786,4.596215,4.697095,0.423581,3.601942,0.723093,2.259649,0.886477,6.538462,1319.73,4.1,21.15,57.48,0,1.37,1,1,2.76,76.29,0.0578073,1,1,0
1994,13,237.97,3.35,4.77,2.79,59.67,1.38,23.17,3.8,12.8,0.11,0.49,0.983317,1.782772,7.408955,6.792453,4.648746,3.979592,0.477459,3.452991,0.69659,3.239474,0.817188,5.272727,909.81,4.56,18.08,54.81,0,1.59,1,1,2.91,48.11,0.0528792,1,1,0
1994,14,295.05,9.3,15.2,3.32,161.64,1.46,61.61,8.34,7.33,0.03,4.39,0.76848,1.445896,9.105376,6.468421,4.846386,3.961276,0.518312,3.195122,0.451712,2.201439,1.077763,6.333333,1172.74,4.38,25.22,49.87,0,1.53,1,0,2.72,88.44,0.0754131,1,1,0
1994,15,305.52,7.21,16.76,2.44,137.6,1.75,28.01,8.41,11.05,0.03,3.72,0.86937,1.683575,6.510402,7.298329,5.577869,4.841398,0.386337,3.450382,0.778293,1.951249,1.269683,6,1155,4.21,24.23,48.84,0,1.24,1,0,2.63,98.91,0.0856364,1,1,0
1994,16,254.47,5.9,25.71,2.69,105.49,3.43,21.22,10.19,12.96,0.09,10.17,1.032813,2.684492,8.411864,10.87048,6.118959,8.025565,0.91402,3.657718,2.443921,2.508342,1.950617,10,2181.52,5.38,20.51,50.68,0,0.95,1,0,3.11,179.64,0.0823463,1,1,0
1994,17,244.1,4.2,15.02,0.82,115.76,1.24,11.92,6.44,8.72,0.01,1.6,0.755715,2.253012,7.283333,8.202397,6.597561,6.04375,0.51244,3.148148,0.907718,1.720497,0.943807,9,1107.02,5.35,17.31,45.7,0,1.23,1,0,3.03,96.53,0.0871981,1,1,1
1994,18,224.11,3.38,12.89,0.94,51.46,1.54,12.31,8.08,5.57,0.09,8.99,1.178707,2.681818,8.615385,10.03879,25.06383,6.162403,1.230276,3.522388,1.6645,1.524752,0.982047,8,1304.52,5.68,19.9,54.07,0,1.91,1,0,3.09,76.34,0.0585196,1,1,0
1994,19,258.98,5.1,21.46,2.49,144.9,1.92,26.85,8.41,8.07,0.44,0.78,1.123214,1.662162,6.476471,6.630941,5.453815,5.5,0.375155,3.480769,0.814153,2.252081,1.024783,1.454545,946.33,4.14,21.96,41.21,0,1.28,1,0,2.88,56.06,0.0592394,1,1,1
1994,20,229.68,4.75,19.15,1.02,156.12,0.9,24.06,8.67,5.85,0.02,0.22,0.81078,2.012072,6.970526,6.252742,5.529412,3.227273,0.290161,3.410959,0.695345,1.573241,1.196581,7.5,786.84,4.83,15.3,44.42,0,1.18,1,0,2.98,34.53,0.0438844,1,1,1
1994,21,263.11,4.43,22.79,1.56,122.49,1.95,30.37,10,10.54,0.09,0.7,0.518604,1.334129,5.467269,5.319877,4.775641,4.285714,0.335864,3.082278,0.781692,1.781,0.845351,4,802.95,5.01,18.68,29.08,0,1.55,1,0,3.08,44.36,0.0552463,1,1,1
1994,22,232.91,4.28,5.65,1.52,53.69,0.87,25.21,17.01,10.95,0.48,0.08,0.940578,1.654118,8.591121,7.39646,4.730263,4.625,0.584094,3.581081,0.749702,0.663139,1.216438,2.625,804.84,4.69,18.04,50.32,0,2.83,1,1,2.74,51.85,0.0644227,1,1,1
1994,23,253.24,4.51,7.09,1.04,32.04,0.79,16.04,6.07,7.29,0.19,0.06,1.030603,1.659341,7.40133,7.320169,5.269231,17.83333,0.641386,3.454545,1.030549,2.400329,1.053498,7.789474,723.73,5.12,14.54,38.53,0,3.04,1,1,3.27,37.32,0.0515662,1,1,1
1994,24,250.51,7.78,15.94,0.38,37.35,1.25,13.05,19.82,2.87,16.99,0.2,0.734981,1.5,7.6491,5.489962,4.684211,3.35,0.539491,3.579545,0.8713,0.984359,1.815331,0.914656,869.34,5.99,16.7,26.42,0,2.38,1,1,3.41,22.81,0.0262383,1,1,1
1994,25,268.03,6.28,8.41,1.14,60.62,1.43,14.72,3.17,14.33,0.21,0.33,0.943924,2.012072,8.767516,7.3044,5.140351,5.242424,0.419993,3.614173,1.005435,2.498423,0.8388,6.47619,866.97,5.51,15.09,36.76,0,3.83,1,1,3.15,49.13,0.0566686,1,1,1
1994,26,215.35,8.73,7.15,1.17,55.36,0.55,3.05,6.58,25.01,5.29,0.31,0.705503,1.617647,6.441008,11.86573,4.410256,6.516129,0.50578,3.981818,1.396721,1.550152,0.982007,0.89603,946.82,5.65,16.33,36.62,0,4.11,1,1,2.99,54.41,0.057466,1,1,1
